height,bank,bank unc
0,0.8878,0.00041
50,0.91559,0.00052
100,0.94383,0.00051
