height,bank,bank unc
0,0.97075,0.00057
25,0.97933,0.00053
50,0.99805,0.00049
75,1.01841,0.00053
100,1.02777,0.00043
