height,bank,bank unc
0,5.715100567866462,0.07168285074625999
25,4.812593046174976,0.06788690218361682
50,2.8973473861954253,0.06358196198734216
75,0.8942465161959302,0.06520777176872292
100,0.0,0
