height,bank,bank unc
0,6.686697927570208,0.07823792102751019
50,3.2679083966167912,0.08432345447851422
100,0.0,0
