height,bank,bank unc
0,0.93241,0.0005
25,0.94005,0.00046
50,0.95701,0.00046
75,0.9758,0.00047
100,0.9833,0.00047
