height,bank,bank unc
0,5.5505943475318915,0.07495261120438503
25,4.678957698939006,0.07121886829263188
50,2.79375341348129,0.06991171208878699
75,0.7816537404413858,0.06927535067458598
100,0.0,0
